title,price,registration,location,benzin,mileage,power,gefunden
BMW 3er 320e Automatik 4 Türen,688 € monatlich,EZ -/2024,,"Hybrid, ca. 1,4 l/100 km (komb.)* , ca. 32 g CO₂/km (komb.)* ",- km,ca. 150 kW (204PS),gefunden auf Carwow Leasing
BMW 330e Limousine,34.480 €,EZ 09/2020,80687 München,"Hybrid, ca. 0 g CO₂/km (komb.)* , A+++",33.516 km,ca. 135 kW (184PS),gefunden auf BMW
"BMW 330 e M Sport|0,5% DWbst|UPE 74.520€",895 € monatlich,EZ -/-,49809 Lingen,"Hybrid, ca. 1,6 l/100 km (komb.)* , ca. 35 g CO₂/km (komb.)* , B",18.000 km,ca. 215 kW (292PS),gefunden auf Leasingmarkt
BMW 330e Limousine,34.480 €,EZ 09/2020,80687 München,"Hybrid, ca. 0 g CO₂/km (komb.)* , A+++",33.516 km,ca. 135 kW (184PS),gefunden auf BMW
BMW 330e xDrive Limousine,53.880 €,EZ 09/2023,45478 Mülheim an der Ruhr,"Hybrid, ca. 0 g CO₂/km (komb.)* ",2.674 km,ca. 135 kW (184PS),gefunden auf BMW
BMW 330e Limousine,31.900 €,EZ 10/2020,92690 Pressath,"Hybrid, ca. 0 g CO₂/km (komb.)* , A+++",57.700 km,ca. 135 kW (184PS),gefunden auf BMW
BMW 320e Limousine,33.490 €,EZ 11/2021,97424 Schweinfurt,"Hybrid, ca. 0 g CO₂/km (komb.)* , A+++",33.107 km,ca. 120 kW (163PS),gefunden auf BMW
BMW 320e Limousine,55.890 €,EZ 11/2023,91522 Ansbach,"Hybrid, ca. 0 g CO₂/km (komb.)* , A+++",6.900 km,ca. 120 kW (163PS),gefunden auf BMW
BMW 330e Limousine,34.969 €,EZ 03/2021,51371 Leverkusen,"Hybrid, ca. 0 g CO₂/km (komb.)* ",36.338 km,ca. 135 kW (184PS),gefunden auf BMW
BMW 330e Limousine,27.995 €,EZ 01/2021,50858 Köln,"Hybrid, ca. 0 g CO₂/km (komb.)* , A+++",58.189 km,ca. 135 kW (184PS),gefunden auf BMW
BMW 330e Limousine,35.290 €,EZ 03/2021,42897 Remscheid,"Hybrid, ca. 0 g CO₂/km (komb.)* , A+++",8.855 km,ca. 135 kW (184PS),gefunden auf BMW
BMW 330e Limousine,23.960 €,EZ 10/2019,95447 Bayreuth,"Hybrid, ca. 0 g CO₂/km (komb.)* , A+++",88.560 km,ca. 135 kW (184PS),gefunden auf BMW
BMW 330e Limousine,42.995 €,EZ 07/2021,50858 Köln,"Hybrid, ca. 0 g CO₂/km (komb.)* ",42.787 km,ca. 135 kW (184PS),gefunden auf BMW
BMW 330e Limousine,37.190 €,EZ 01/2021,71679 Asperg,"Hybrid, ca. 0 g CO₂/km (komb.)* ",52.374 km,ca. 135 kW (184PS),gefunden auf BMW
BMW 330e Limousine,35.405 €,EZ 03/2020,22885 Barsbüttel,"Hybrid, ca. 0 g CO₂/km (komb.)* ",26.606 km,ca. 135 kW (184PS),gefunden auf BMW
BMW 330e Limousine,33.480 €,EZ 09/2020,80687 München,"Hybrid, ca. 0 g CO₂/km (komb.)* , A+++",44.897 km,ca. 135 kW (184PS),gefunden auf BMW
BMW 330e Limousine,43.950 €,EZ 04/2022,71679 Asperg,"Hybrid, ca. 0 g CO₂/km (komb.)* ",36.235 km,ca. 135 kW (184PS),gefunden auf BMW
BMW 330e Limousine,34.460 €,EZ 02/2021,74545 Michelfeld,"Hybrid, ca. 0 g CO₂/km (komb.)* ",62.003 km,ca. 135 kW (184PS),gefunden auf BMW
BMW 330e xDrive Limousine,37.900 €,EZ 03/2021,45721 Haltern am See,"Hybrid, ca. 0 g CO₂/km (komb.)* ",19.305 km,ca. 135 kW (184PS),gefunden auf BMW
BMW 330e Limousine,35.899 €,EZ 07/2020,67663 Kaiserslautern,"Hybrid, ca. 0 g CO₂/km (komb.)* ",33.512 km,ca. 135 kW (184PS),gefunden auf BMW
BMW 330e xDrive Limousine,45.890 €,EZ 03/2023,46149 Oberhausen,"Hybrid, ca. 0 g CO₂/km (komb.)* ",24.730 km,ca. 135 kW (184PS),gefunden auf BMW
BMW 330e xDrive Limousine,56.496 €,EZ 09/2023,47906 Kempen,"Hybrid, ca. 0 g CO₂/km (komb.)* ",9.555 km,ca. 135 kW (184PS),gefunden auf BMW
BMW 330e Limousine,39.159 €,EZ 03/2022,86899 Landsberg am Lech,"Hybrid, ca. 0 g CO₂/km (komb.)* , A+++",45.385 km,ca. 135 kW (184PS),gefunden auf BMW
BMW 330e Limousine,29.850 €,EZ 12/2023,49324 Melle,"Hybrid, ca. 0 g CO₂/km (komb.)* , A+++",48.600 km,ca. 135 kW (184PS),gefunden auf BMW
BMW 330e Limousine,29.444 €,EZ 11/2020,74074 Heilbronn,"Hybrid, ca. 0 g CO₂/km (komb.)* ",37.096 km,ca. 135 kW (184PS),gefunden auf BMW
BMW 330e xDrive Limousine,33.899 €,EZ 04/2021,26125 Oldenburg,"Hybrid, ca. 0 g CO₂/km (komb.)* ",54.087 km,ca. 135 kW (184PS),gefunden auf BMW
BMW 330e Limousine,32.890 €,EZ 03/2021,42897 Remscheid,"Hybrid, ca. 0 g CO₂/km (komb.)* ",66.179 km,ca. 135 kW (184PS),gefunden auf BMW
BMW 330e Limousine,29.260 €,EZ 02/2021,63303 Dreieich,"Hybrid, ca. 0 g CO₂/km (komb.)* , A+++",64.171 km,ca. 135 kW (184PS),gefunden auf BMW
BMW 330e Limousine,29.690 €,EZ 11/2020,97424 Schweinfurt,"Hybrid, ca. 0 g CO₂/km (komb.)* , A+++",60.871 km,ca. 135 kW (184PS),gefunden auf BMW
BMW 330e xDrive Limousine,51.290 €,EZ 09/2023,57462 Olpe,"Hybrid, ca. 0 g CO₂/km (komb.)* ",2.569 km,ca. 135 kW (184PS),gefunden auf BMW
BMW 320e Limousine,30.790 €,EZ 07/2021,72766 Reutlingen,"Hybrid, ca. 0 g CO₂/km (komb.)* ",12.000 km,ca. 120 kW (163PS),gefunden auf BMW
BMW 330e Limousine,31.288 €,EZ 08/2020,36043 Fulda,"Hybrid, ca. 0 g CO₂/km (komb.)* , A+++",63.585 km,ca. 135 kW (184PS),gefunden auf BMW
BMW 330e xDrive Limousine,58.889 €,EZ 09/2023,66740 Saarlouis,"Hybrid, ca. 0 g CO₂/km (komb.)* ",17.884 km,ca. 135 kW (184PS),gefunden auf BMW
BMW 330e Limousine,33.899 €,EZ 07/2020,44263 Dortmund,"Hybrid, ca. 0 g CO₂/km (komb.)* ",59.438 km,ca. 135 kW (184PS),gefunden auf BMW
BMW 330e xDrive Limousine,47.480 €,EZ 05/2023,91522 Ansbach,"Hybrid, ca. 0 g CO₂/km (komb.)* , A+++",18.100 km,ca. 135 kW (184PS),gefunden auf BMW
BMW 330e Limousine,33.490 €,EZ 11/2020,40549 Düsseldorf,"Hybrid, ca. 0 g CO₂/km (komb.)* , A+++",64.990 km,ca. 135 kW (184PS),gefunden auf BMW
BMW 330e Limousine,37.405 €,EZ 04/2021,22885 Barsbüttel,"Hybrid, ca. 0 g CO₂/km (komb.)* ",30.350 km,ca. 135 kW (184PS),gefunden auf BMW
BMW 330e xDrive Limousine,35.900 €,EZ 06/2021,84030 Landshut,"Hybrid, ca. 0 g CO₂/km (komb.)* ",45.200 km,ca. 135 kW (184PS),gefunden auf BMW
BMW 330e Limousine,31.590 €,EZ 03/2020,45141 Essen,"Hybrid, ca. 0 g CO₂/km (komb.)* ",66.982 km,ca. 135 kW (184PS),gefunden auf BMW
BMW 330e Limousine,49.199 €,EZ 11/2022,53119 Bonn,"Hybrid, ca. 0 g CO₂/km (komb.)* ",9.606 km,ca. 135 kW (184PS),gefunden auf BMW
BMW 330e Limousine,33.979 €,EZ 04/2021,74076 Heilbronn,"Hybrid, ca. 0 g CO₂/km (komb.)* , A+++",28.109 km,ca. 135 kW (184PS),gefunden auf BMW
BMW 330e Limousine,47.305 €,EZ 09/2023,30539 Hannover,"Hybrid, ca. 0 g CO₂/km (komb.)* ",39.734 km,ca. 135 kW (184PS),gefunden auf BMW
BMW 330e xDrive Limousine,45.890 €,EZ 03/2023,46149 Oberhausen,"Hybrid, ca. 0 g CO₂/km (komb.)* ",22.106 km,ca. 135 kW (184PS),gefunden auf BMW
BMW 320e Limousine,34.849 €,EZ 10/2022,21073 Hamburg,"Hybrid, ca. 0 g CO₂/km (komb.)* ",30.719 km,ca. 120 kW (163PS),gefunden auf BMW
BMW 330e xDrive Limousine,52.599 €,EZ 03/2023,44263 Dortmund,"Hybrid, ca. 0 g CO₂/km (komb.)* ",16.589 km,ca. 135 kW (184PS),gefunden auf BMW
BMW 330e Limousine,33.480 €,EZ 03/2021,97076 Würzburg,"Hybrid, ca. 0 g CO₂/km (komb.)* , A+++",50.623 km,ca. 135 kW (184PS),gefunden auf BMW
BMW 330e Limousine,31.299 €,EZ 04/2021,44263 Dortmund,"Hybrid, ca. 0 g CO₂/km (komb.)* ",53.327 km,ca. 135 kW (184PS),gefunden auf BMW
BMW 330e Limousine,29.692 €,EZ 10/2020,47906 Kempen,"Hybrid, ca. 0 g CO₂/km (komb.)* , A+++",53.462 km,ca. 135 kW (184PS),gefunden auf BMW
BMW 330e Limousine,34.995 €,EZ 06/2020,50858 Köln,"Hybrid, ca. 0 g CO₂/km (komb.)* ",77.351 km,ca. 135 kW (184PS),gefunden auf BMW
BMW 330e Limousine,37.890 €,EZ 02/2021,70569 Stuttgart,"Hybrid, ca. 0 g CO₂/km (komb.)* ",50.184 km,ca. 135 kW (184PS),gefunden auf BMW
BMW 330e xDrive Limousine,50.909 €,EZ 05/2023,54294 Trier,"Hybrid, ca. 0 g CO₂/km (komb.)* , A+++",19.201 km,ca. 135 kW (184PS),gefunden auf BMW
BMW 330e Limousine,54.902 €,EZ 09/2023,22885 Barsbüttel,"Hybrid, ca. 0 g CO₂/km (komb.)* ",17.989 km,ca. 135 kW (184PS),gefunden auf BMW
BMW 320e Limousine,42.495 €,EZ 11/2022,50858 Köln,"Hybrid, ca. 0 g CO₂/km (komb.)* ",21.145 km,ca. 120 kW (163PS),gefunden auf BMW
BMW 330e Limousine,46.899 €,EZ 09/2023,63303 Dreieich,"Hybrid, ca. 0 g CO₂/km (komb.)* ",13.055 km,ca. 135 kW (184PS),gefunden auf BMW
BMW 330e xDrive Limousine,37.980 €,EZ 07/2021,80687 München,"Hybrid, ca. 0 g CO₂/km (komb.)* ",53.226 km,ca. 135 kW (184PS),gefunden auf BMW
BMW 330e Limousine,36.900 €,EZ 03/2021,67098 Bad Dürkheim,"Hybrid, ca. 0 g CO₂/km (komb.)* ",35.900 km,ca. 135 kW (184PS),gefunden auf BMW
BMW 330e Limousine,37.450 €,EZ 03/2020,33334 Gütersloh,"Hybrid, ca. 0 g CO₂/km (komb.)* ",80.627 km,ca. 135 kW (184PS),gefunden auf BMW
BMW 330e xDrive Limousine,45.750 €,EZ 03/2023,45472 Mülheim an der Ruhr,"Hybrid, ca. 0 g CO₂/km (komb.)* ",25.761 km,ca. 135 kW (184PS),gefunden auf BMW
BMW 330e Limousine,29.440 €,EZ 07/2020,91616 Neusitz,"Hybrid, ca. 0 g CO₂/km (komb.)* ",144.405 km,ca. 135 kW (184PS),gefunden auf BMW
BMW 330e Limousine,47.899 €,EZ 10/2023,53119 Bonn,"Hybrid, ca. 0 g CO₂/km (komb.)* ",8.683 km,ca. 135 kW (184PS),gefunden auf BMW
BMW 330,34.600 €,EZ -/2019,,"Hybrid, ca. 0 g CO₂/km (komb.)* , A+",75.447 km,ca. 215 kW (292PS),gefunden auf hey.car Online-Kauf
BMW 330e xDrive Berlina Advantage HiFi DAB Tempomat,30.350 €,EZ -/2021,,"Hybrid, ca. 1,7 l/100 km (komb.)* , ca. 40 g CO₂/km (komb.)* ",44.495 km,ca. 215 kW (292PS),gefunden auf hey.car Online-Kauf
BMW 330,34.600 €,EZ -/2020,,"Hybrid, ca. 0 g CO₂/km (komb.)* , A+",44.643 km,ca. 185 kW (252PS),gefunden auf hey.car Online-Kauf
BMW 330e Limousine M Sport Head-Up HK HiFi DAB WLAN,32.400 €,EZ -/2020,,"Hybrid, ca. 1,7 l/100 km (komb.)* , ca. 38 g CO₂/km (komb.)* ",67.251 km,ca. 215 kW (292PS),gefunden auf hey.car Online-Kauf
BMW 330e Limousine M Sport Head-Up HK HiFi DAB WLAN,33.050 €,EZ -/2020,,"Hybrid, ca. 1,6 l/100 km (komb.)* , ca. 36 g CO₂/km (komb.)* ",58.460 km,ca. 215 kW (292PS),gefunden auf hey.car Online-Kauf
BMW 330e Berlina Luxury Line Head-Up HiFi DAB WLAN,34.350 €,EZ -/2021,,"Hybrid, ca. 1,5 l/100 km (komb.)* , ca. 35 g CO₂/km (komb.)* ",63.712 km,ca. 215 kW (292PS),gefunden auf hey.car Online-Kauf
BMW 330e M Sport Laser HUD HiFi Dr.Ass P.Ass+,37.540 €,EZ -/2020,,"Hybrid, ca. 62,5 l/100 km (komb.)* , ca. 0 g CO₂/km (komb.)* ",30.887 km,ca. 215 kW (292PS),gefunden auf hey.car Online-Kauf
BMW 330 e Limousine Sport Line HUD Laserlicht Blendfreies Fernl. Kurvenlicht,27.890 €,EZ -/2020,,"Hybrid, ca. 1,7 l/100 km (komb.)* , ca. 37 g CO₂/km (komb.)* , A+",91.351 km,ca. 135 kW (184PS),gefunden auf hey.car Online-Kauf
"BMW 330 e Lim, Sport Line, Park-Ass, Driv Ass Prof, Navi, HuD, uvm.",31.340 €,EZ -/2019,,"Hybrid, ca. 1,9 l/100 km (komb.)* , ca. 43 g CO₂/km (komb.)* , A+",69.445 km,ca. 215 kW (292PS),gefunden auf hey.car Online-Kauf
"BMW 330 e, M-Paket, HUD, Memory, H/K, Parklenkassist, Kamera, LED",39.040 €,EZ -/2019,,"Hybrid, ca. 1,9 l/100 km (komb.)* , ca. 43 g CO₂/km (komb.)* , A+",39.195 km,ca. 215 kW (292PS),gefunden auf hey.car Online-Kauf
BMW 330e Limousine M Sport HiFi GSD Parkassistent,35.400 €,EZ -/2020,,"Hybrid, ca. 1,7 l/100 km (komb.)* , ca. 38 g CO₂/km (komb.)* ",54.938 km,ca. 215 kW (292PS),gefunden auf hey.car Online-Kauf
BMW 320,29.950 €,EZ -/2021,,"Hybrid, ca. 0 g CO₂/km (komb.)* , A+",44.000 km,ca. 150 kW (204PS),gefunden auf hey.car Online-Kauf
BMW 330e Lim M Sport LiveCockpitProf HiFi RFK Alarm,34.200 €,EZ -/2020,,"Hybrid, ca. 1,5 l/100 km (komb.)* , ca. 35 g CO₂/km (komb.)* ",42.191 km,ca. 215 kW (292PS),gefunden auf hey.car Online-Kauf
BMW 330,46.750 €,EZ -/2022,,"Hybrid, ca. 0 g CO₂/km (komb.)* , A+",36.296 km,ca. 215 kW (292PS),gefunden auf hey.car Online-Kauf
BMW 330e Luxury Line Laserlicht HiFi DAB HUD,29.690 €,EZ -/2020,,"Hybrid, ca. 62,5 l/100 km (komb.)* , ca. 0 g CO₂/km (komb.)* ",52.633 km,ca. 215 kW (292PS),gefunden auf hey.car Online-Kauf
BMW 330,37.600 €,EZ -/2020,,"Hybrid, ca. 0 g CO₂/km (komb.)* , A+",36.000 km,ca. 215 kW (292PS),gefunden auf hey.car Online-Kauf
BMW 330e Limousine,35.789 €,EZ 04/2021,47441 Moers,"Hybrid, ca. 0 g CO₂/km (komb.)* ",18.450 km,ca. 135 kW (184PS),gefunden auf BMW
BMW 330e xDrive Limousine,31.888 €,EZ 11/2020,40822 Mettmann,"Hybrid, ca. 0 g CO₂/km (komb.)* ",32.376 km,ca. 135 kW (184PS),gefunden auf BMW
BMW 320e Limousine,34.849 €,EZ 04/2022,32547 Bad Oeynhausen,"Hybrid, ca. 0 g CO₂/km (komb.)* , A+++",35.625 km,ca. 120 kW (163PS),gefunden auf BMW
BMW 330e xDrive Limousine,45.990 €,EZ 06/2022,47608 Geldern,"Hybrid, ca. 0 g CO₂/km (komb.)* ",22.900 km,ca. 135 kW (184PS),gefunden auf BMW
BMW 330e Limousine,35.879 €,EZ 04/2021,85221 Dachau,"Hybrid, ca. 0 g CO₂/km (komb.)* ",41.900 km,ca. 135 kW (184PS),gefunden auf BMW
BMW 330e Limousine,28.970 €,EZ 11/2020,71679 Asperg,"Hybrid, ca. 0 g CO₂/km (komb.)* ",79.937 km,ca. 135 kW (184PS),gefunden auf BMW
BMW 330e Limousine,33.839 €,EZ 04/2021,59425 Unna,"Hybrid, ca. 0 g CO₂/km (komb.)* ",58.626 km,ca. 135 kW (184PS),gefunden auf BMW
BMW 330e xDrive Limousine,47.521 €,EZ 07/2022,47906 Kempen,"Hybrid, ca. 0 g CO₂/km (komb.)* ",29.500 km,ca. 135 kW (184PS),gefunden auf BMW
BMW 330e xDrive Limousine,43.887 €,EZ 02/2023,47441 Moers,"Hybrid, ca. 0 g CO₂/km (komb.)* ",24.990 km,ca. 135 kW (184PS),gefunden auf BMW
BMW 320e Limousine,35.554 €,EZ 08/2022,47533 Kleve,"Hybrid, ca. 0 g CO₂/km (komb.)* ",23.800 km,ca. 120 kW (163PS),gefunden auf BMW
BMW 330e Limousine,31.980 €,EZ 11/2020,16515 Oranienburg,"Hybrid, ca. 0 g CO₂/km (komb.)* , A+++",16.000 km,ca. 135 kW (184PS),gefunden auf BMW
BMW 330e xDrive Limousine,38.490 €,EZ 02/2021,70569 Stuttgart,"Hybrid, ca. 0 g CO₂/km (komb.)* ",51.557 km,ca. 135 kW (184PS),gefunden auf BMW
BMW 330e Limousine,34.950 €,EZ 04/2022,44534 Lünen,"Hybrid, ca. 0 g CO₂/km (komb.)* , A+++",11.006 km,ca. 135 kW (184PS),gefunden auf BMW
BMW 330e Limousine,26.500 €,EZ 01/2020,88213 Ravensburg,"Hybrid, ca. 0 g CO₂/km (komb.)* ",125.970 km,ca. 135 kW (184PS),gefunden auf BMW
BMW 330e Limousine,32.602 €,EZ 02/2020,47800 Krefeld,"Hybrid, ca. 0 g CO₂/km (komb.)* , A+++",32.086 km,ca. 135 kW (184PS),gefunden auf BMW
BMW 330e Limousine,35.740 €,EZ 03/2021,91616 Neusitz,"Hybrid, ca. 0 g CO₂/km (komb.)* ",52.457 km,ca. 135 kW (184PS),gefunden auf BMW
BMW 330e Limousine,33.990 €,EZ 07/2020,90441 Nürnberg,"Hybrid, ca. 0 g CO₂/km (komb.)* ",21.664 km,ca. 135 kW (184PS),gefunden auf BMW
BMW 330e Limousine,34.849 €,EZ 08/2020,92421 Schwandorf,"Hybrid, ca. 0 g CO₂/km (komb.)* , A+++",54.938 km,ca. 135 kW (184PS),gefunden auf BMW
BMW 330e Limousine,28.940 €,EZ 07/2020,44809 Bochum,"Hybrid, ca. 0 g CO₂/km (komb.)* , A+++",62.042 km,ca. 135 kW (184PS),gefunden auf BMW
BMW 330e Limousine,31.850 €,EZ 01/2020,92421 Schwandorf,"Hybrid, ca. 0 g CO₂/km (komb.)* , A+++",67.251 km,ca. 135 kW (184PS),gefunden auf BMW
BMW 330e Limousine,30.490 €,EZ 01/2021,41066 Mönchengladbach,"Hybrid, ca. 0 g CO₂/km (komb.)* , A+++",87.700 km,ca. 135 kW (184PS),gefunden auf BMW
BMW 330e Limousine,42.894 €,EZ 03/2023,47441 Moers,"Hybrid, ca. 0 g CO₂/km (komb.)* ",23.600 km,ca. 135 kW (184PS),gefunden auf BMW
BMW 330e Limousine,29.949 €,EZ 12/2021,44534 Lünen,"Hybrid, ca. 0 g CO₂/km (komb.)* , A+++",28.006 km,ca. 135 kW (184PS),gefunden auf BMW
BMW 330e Limousine,35.799 €,EZ 11/2020,49835 Wietmarschen,"Hybrid, ca. 0 g CO₂/km (komb.)* , A+++",23.778 km,ca. 135 kW (184PS),gefunden auf BMW
BMW 320e Limousine,29.500 €,EZ 07/2021,85737 Ismaning,"Hybrid, ca. 0 g CO₂/km (komb.)* , A+++",17.336 km,ca. 120 kW (163PS),gefunden auf BMW
BMW 330e Limousine,33.650 €,EZ 10/2020,92421 Schwandorf,"Hybrid, ca. 0 g CO₂/km (komb.)* , A+++",42.191 km,ca. 135 kW (184PS),gefunden auf BMW
BMW 330e Limousine,42.955 €,EZ 03/2023,47441 Moers,"Hybrid, ca. 0 g CO₂/km (komb.)* ",32.900 km,ca. 135 kW (184PS),gefunden auf BMW
BMW 330e Limousine,49.750 €,EZ 06/2023,47800 Krefeld,"Hybrid, ca. 0 g CO₂/km (komb.)* ",3.660 km,ca. 135 kW (184PS),gefunden auf BMW
BMW 330e Limousine,46.959 €,EZ 03/2023,45472 Mülheim an der Ruhr,"Hybrid, ca. 0 g CO₂/km (komb.)* ",22.017 km,ca. 135 kW (184PS),gefunden auf BMW
BMW 330e Limousine,37.990 €,EZ 04/2021,41066 Mönchengladbach,"Hybrid, ca. 0 g CO₂/km (komb.)* ",54.700 km,ca. 135 kW (184PS),gefunden auf BMW
BMW 330e Limousine,31.160 €,EZ 02/2021,70569 Stuttgart,"Hybrid, ca. 0 g CO₂/km (komb.)* , A+++",60.226 km,ca. 135 kW (184PS),gefunden auf BMW
BMW 330e xDrive Limousine,28.595 €,EZ 04/2021,63785 Obernburg,"Hybrid, ca. 0 g CO₂/km (komb.)* , A+++",42.229 km,ca. 135 kW (184PS),gefunden auf BMW
BMW 330e Limousine,54.480 €,EZ 07/2023,70569 Stuttgart,"Hybrid, ca. 0 g CO₂/km (komb.)* ",26.902 km,ca. 135 kW (184PS),gefunden auf BMW
BMW 330e xDrive Limousine,32.499 €,EZ 05/2021,85737 Ismaning,"Hybrid, ca. 0 g CO₂/km (komb.)* , A+++",62.591 km,ca. 135 kW (184PS),gefunden auf BMW
BMW 330e Limousine,32.499 €,EZ 05/2020,92421 Schwandorf,"Hybrid, ca. 0 g CO₂/km (komb.)* , A+++",58.460 km,ca. 135 kW (184PS),gefunden auf BMW
BMW 330e xDrive Limousine,77.985 €,EZ 12/2023,80687 München,"Hybrid, ca. 0 g CO₂/km (komb.)* , A+++",1.000 km,ca. 135 kW (184PS),gefunden auf BMW
BMW 330e Limousine,29.900 €,EZ 01/2021,14057 Berlin,"Hybrid, ca. 0 g CO₂/km (komb.)* ",62.444 km,ca. 135 kW (184PS),gefunden auf BMW
BMW 330e Limousine,30.760 €,EZ 03/2021,97076 Würzburg,"Hybrid, ca. 0 g CO₂/km (komb.)* ",54.727 km,ca. 135 kW (184PS),gefunden auf BMW
BMW 330e Sport Line 2.0 135kW 8-Gang Steptronic 5 Sitze 4 Türen,29.090 €,EZ -/2020,,"Hybrid, ca. 33 g CO₂/km (komb.)* ",87.847 km,ca. 135 kW (184PS),gefunden auf hey.car Online-Kauf
BMW 330e Limousine,42.888 €,EZ 07/2020,97424 Schweinfurt,"Hybrid, ca. 0 g CO₂/km (komb.)* ",36.775 km,ca. 135 kW (184PS),gefunden auf BMW
"BMW 330 e M Sport|0,5% DWbst|UPE 74.520€",895 € monatlich,EZ -/-,49809 Lingen,"Hybrid, ca. 1,6 l/100 km (komb.)* , ca. 35 g CO₂/km (komb.)* , B",18.000 km,ca. 215 kW (292PS),gefunden auf Leasingmarkt
BMW 330e Limousine,35.890 €,EZ 04/2021,86690 Mertingen,"Hybrid, ca. 0 g CO₂/km (komb.)* ",49.900 km,ca. 135 kW (184PS),gefunden auf BMW
BMW 330e Limousine,36.890 €,EZ 04/2021,70569 Stuttgart,"Hybrid, ca. 0 g CO₂/km (komb.)* ",37.359 km,ca. 135 kW (184PS),gefunden auf BMW
BMW 330e xDrive Limousine,36.490 €,EZ 03/2021,63303 Dreieich,"Hybrid, ca. 0 g CO₂/km (komb.)* ",45.052 km,ca. 135 kW (184PS),gefunden auf BMW
BMW 330e xDrive Limousine,48.980 €,EZ 11/2022,46149 Oberhausen,"Hybrid, ca. 0 g CO₂/km (komb.)* ",27.945 km,ca. 135 kW (184PS),gefunden auf BMW
BMW 330e xDrive Limousine,31.990 €,EZ 12/2020,76275 Ettlingen,"Hybrid, ca. 0 g CO₂/km (komb.)* , A+++",51.699 km,ca. 135 kW (184PS),gefunden auf BMW
BMW 330e Limousine,34.879 €,EZ 06/2020,45134 Essen,"Hybrid, ca. 0 g CO₂/km (komb.)* ",50.912 km,ca. 135 kW (184PS),gefunden auf BMW
BMW 330e Limousine,34.349 €,EZ 04/2021,19057 Schwerin,"Hybrid, ca. 0 g CO₂/km (komb.)* ",35.483 km,ca. 135 kW (184PS),gefunden auf BMW
BMW 330e Limousine,32.280 €,EZ 07/2020,71679 Asperg,"Hybrid, ca. 0 g CO₂/km (komb.)* , A+++",48.408 km,ca. 135 kW (184PS),gefunden auf BMW
BMW 330e Limousine,34.980 €,EZ 11/2020,71679 Asperg,"Hybrid, ca. 0 g CO₂/km (komb.)* ",85.185 km,ca. 135 kW (184PS),gefunden auf BMW
BMW 330e xDrive Limousine,46.880 €,EZ 11/2022,46149 Oberhausen,"Hybrid, ca. 0 g CO₂/km (komb.)* ",26.778 km,ca. 135 kW (184PS),gefunden auf BMW
BMW 330e Limousine,28.890 €,EZ 04/2020,93055 Regensburg,"Hybrid, ca. 0 g CO₂/km (komb.)* ",29.300 km,ca. 135 kW (184PS),gefunden auf BMW
BMW 330e xDrive Limousine,36.505 €,EZ 02/2021,04103 Leipzig,"Hybrid, ca. 0 g CO₂/km (komb.)* ",26.719 km,ca. 135 kW (184PS),gefunden auf BMW
BMW 330e Limousine,35.880 €,EZ 02/2021,48653 Coesfeld,"Hybrid, ca. 0 g CO₂/km (komb.)* ",62.600 km,ca. 135 kW (184PS),gefunden auf BMW
BMW 330e Limousine,54.900 €,EZ 08/2023,27711 Osterholz-Scharmbeck,"Hybrid, ca. 0 g CO₂/km (komb.)* ",4.400 km,ca. 135 kW (184PS),gefunden auf BMW
BMW 330e Limousine,32.450 €,EZ 03/2021,24118 Kiel,"Hybrid, ca. 0 g CO₂/km (komb.)* ",31.827 km,ca. 135 kW (184PS),gefunden auf BMW
BMW 330e Limousine,29.290 €,EZ 07/2020,40549 Düsseldorf,"Hybrid, ca. 0 g CO₂/km (komb.)* , A+++",52.634 km,ca. 135 kW (184PS),gefunden auf BMW
BMW 330e Limousine,29.908 €,EZ 12/2020,,"Hybrid, ca. 0 g CO₂/km (komb.)* , A+++",56.900 km,ca. 135 kW (184PS),gefunden auf BMW
BMW 330e Limousine,58.900 €,EZ 04/2023,49809 Lingen,"Hybrid, ca. 0 g CO₂/km (komb.)* , A+++",18.844 km,ca. 135 kW (184PS),gefunden auf BMW
BMW 330e Limousine,27.999 €,EZ 02/2021,48163 Münster,"Hybrid, ca. 0 g CO₂/km (komb.)* ",87.584 km,ca. 135 kW (184PS),gefunden auf BMW
BMW 330e xDrive Limousine,35.990 €,EZ 03/2021,90441 Nürnberg,"Hybrid, ca. 0 g CO₂/km (komb.)* ",25.417 km,ca. 135 kW (184PS),gefunden auf BMW
BMW 330e Limousine,29.990 €,EZ 01/2020,68169 Mannheim,"Hybrid, ca. 0 g CO₂/km (komb.)* ",76.184 km,ca. 135 kW (184PS),gefunden auf BMW
BMW 330e Limousine,33.950 €,EZ 02/2020,12203 Berlin,"Hybrid, ca. 0 g CO₂/km (komb.)* ",44.643 km,ca. 135 kW (184PS),gefunden auf BMW
BMW 330e Limousine,30.995 €,EZ 03/2020,32257 Bünde,"Hybrid, ca. 0 g CO₂/km (komb.)* ",77.014 km,ca. 135 kW (184PS),gefunden auf BMW
BMW 330e Limousine,27.990 €,EZ 10/2020,67071 Ludwigshafen,"Hybrid, ca. 0 g CO₂/km (komb.)* , A+++",73.360 km,ca. 135 kW (184PS),gefunden auf BMW
BMW 330e xDrive Limousine,31.990 €,EZ 11/2021,76227 Karlsruhe,"Hybrid, ca. 0 g CO₂/km (komb.)* , A+++",54.004 km,ca. 135 kW (184PS),gefunden auf BMW
BMW 330e Limousine,31.330 €,EZ 07/2020,67071 Ludwigshafen,"Hybrid, ca. 0 g CO₂/km (komb.)* , A+++",59.430 km,ca. 135 kW (184PS),gefunden auf BMW
BMW 330e Limousine,32.900 €,EZ 12/2019,67071 Ludwigshafen,"Hybrid, ca. 0 g CO₂/km (komb.)* , A+++",51.722 km,ca. 135 kW (184PS),gefunden auf BMW
BMW 330e xDrive Limousine,32.416 €,EZ 08/2021,99817 Eisenach,"Hybrid, ca. 0 g CO₂/km (komb.)* , A+++",59.685 km,ca. 135 kW (184PS),gefunden auf BMW
BMW 320e Limousine,42.989 €,EZ 09/2022,79761 Waldshut-Tiengen,"Hybrid, ca. 0 g CO₂/km (komb.)* ",8.414 km,ca. 120 kW (163PS),gefunden auf BMW
BMW 330e Limousine,28.890 €,EZ 11/2020,46149 Oberhausen,"Hybrid, ca. 0 g CO₂/km (komb.)* , A+++",43.365 km,ca. 135 kW (184PS),gefunden auf BMW
BMW 330e Limousine,30.994 €,EZ 03/2021,09247 Röhrsdorf b. Chemnitz,"Hybrid, ca. 0 g CO₂/km (komb.)* ",44.638 km,ca. 135 kW (184PS),gefunden auf BMW
BMW 330e Limousine,32.840 €,EZ 03/2020,97922 Lauda-Königshofen,"Hybrid, ca. 0 g CO₂/km (komb.)* ",81.475 km,ca. 135 kW (184PS),gefunden auf BMW
BMW 330e xDrive Limousine,29.280 €,EZ 03/2021,69469 Weinheim,"Hybrid, ca. 0 g CO₂/km (komb.)* , A+++",56.298 km,ca. 135 kW (184PS),gefunden auf BMW
BMW 330e Limousine,31.700 €,EZ 08/2019,91154 Roth,"Hybrid, ca. 0 g CO₂/km (komb.)* ",39.125 km,ca. 135 kW (184PS),gefunden auf BMW
BMW 330e Limousine,34.900 €,EZ 07/2020,67071 Ludwigshafen,"Hybrid, ca. 0 g CO₂/km (komb.)* , A+++",48.707 km,ca. 135 kW (184PS),gefunden auf BMW
BMW 330e Limousine,30.905 €,EZ 03/2021,22885 Barsbüttel,"Hybrid, ca. 0 g CO₂/km (komb.)* ",9.057 km,ca. 135 kW (184PS),gefunden auf BMW
BMW 330e Limousine,34.849 €,EZ 10/2020,53474 Bad Neuenahr-Ahrweiler,"Hybrid, ca. 0 g CO₂/km (komb.)* , A+++",59.779 km,ca. 135 kW (184PS),gefunden auf BMW
BMW 330e Limousine,35.950 €,EZ 10/2020,71332 Waiblingen,"Hybrid, ca. 0 g CO₂/km (komb.)* , A+++",73.050 km,ca. 135 kW (184PS),gefunden auf BMW
BMW 330e Limousine,29.960 €,EZ 02/2020,71332 Waiblingen,"Hybrid, ca. 0 g CO₂/km (komb.)* , A+++",90.250 km,ca. 135 kW (184PS),gefunden auf BMW
BMW 330e Limousine,32.900 €,EZ 11/2020,69190 Walldorf,"Hybrid, ca. 0 g CO₂/km (komb.)* , A+++",87.800 km,ca. 135 kW (184PS),gefunden auf BMW
BMW 330e Limousine,29.290 €,EZ 07/2020,50389 Wesseling,"Hybrid, ca. 0 g CO₂/km (komb.)* , A+++",69.891 km,ca. 135 kW (184PS),gefunden auf BMW
BMW 330e Limousine,28.880 €,EZ 11/2020,,"Hybrid, ca. 0 g CO₂/km (komb.)* , A+++",28.123 km,ca. 135 kW (184PS),gefunden auf BMW
BMW 330e Limousine,30.904 €,EZ 01/2021,01219 Dresden,"Hybrid, ca. 0 g CO₂/km (komb.)* , A+++",48.943 km,ca. 135 kW (184PS),gefunden auf BMW
BMW 330e Limousine,33.890 €,EZ 06/2020,47608 Geldern,"Hybrid, ca. 0 g CO₂/km (komb.)* ",19.980 km,ca. 135 kW (184PS),gefunden auf BMW
BMW 320e Limousine,37.549 €,EZ 06/2021,66606 St. Wendel,"Hybrid, ca. 0 g CO₂/km (komb.)* , A+++",19.550 km,ca. 120 kW (163PS),gefunden auf BMW
BMW 330e Limousine,34.790 €,EZ 01/2021,84130 Dingolfing,"Hybrid, ca. 0 g CO₂/km (komb.)* ",69.549 km,ca. 135 kW (184PS),gefunden auf BMW
BMW 330e Limousine,33.895 €,EZ 11/2020,50858 Köln,"Hybrid, ca. 0 g CO₂/km (komb.)* , A+++",42.183 km,ca. 135 kW (184PS),gefunden auf BMW
BMW 330e Limousine,35.750 €,EZ 02/2021,21073 Hamburg,"Hybrid, ca. 0 g CO₂/km (komb.)* , A+++",27.249 km,ca. 135 kW (184PS),gefunden auf BMW
BMW 330e Limousine,29.940 €,EZ 12/2020,46282 Dorsten,"Hybrid, ca. 0 g CO₂/km (komb.)* , A+++",45.365 km,ca. 135 kW (184PS),gefunden auf BMW
BMW 330e Limousine,33.500 €,EZ 10/2019,48599 Gronau,"Hybrid, ca. 0 g CO₂/km (komb.)* , A+++",57.500 km,ca. 135 kW (184PS),gefunden auf BMW
BMW 330e Limousine,23.288 €,EZ 02/2020,55129 Mainz,"Hybrid, ca. 1,9 l/100 km (komb.)* , ca. 0 g CO₂/km (komb.)* ",139.993 km,ca. 135 kW (184PS),gefunden auf BMW
BMW 330e Limousine,38.490 €,EZ 12/2019,38518 Gifhorn,"Hybrid, ca. 0 g CO₂/km (komb.)* ",39.195 km,ca. 135 kW (184PS),gefunden auf BMW
BMW 330e Limousine,34.790 €,EZ 12/2020,35043 Marburg,"Hybrid, ca. 0 g CO₂/km (komb.)* , A+++",35.900 km,ca. 135 kW (184PS),gefunden auf BMW
BMW 330e Limousine,30.950 €,EZ 08/2020,67071 Ludwigshafen,"Hybrid, ca. 0 g CO₂/km (komb.)* , A+++",45.272 km,ca. 135 kW (184PS),gefunden auf BMW
BMW 330e Limousine,25.490 €,EZ 06/2020,65203 Wiesbaden,"Hybrid, ca. 0 g CO₂/km (komb.)* ",74.057 km,ca. 135 kW (184PS),gefunden auf BMW
BMW 330e xDrive Limousine,32.480 €,EZ 04/2021,45549 Sprockhövel,"Hybrid, ca. 0 g CO₂/km (komb.)* ",40.006 km,ca. 135 kW (184PS),gefunden auf BMW
BMW 330e Limousine,27.943 €,EZ 01/2020,37154 Northeim,"Hybrid, ca. 0 g CO₂/km (komb.)* , A+++",108.884 km,ca. 135 kW (184PS),gefunden auf BMW
BMW 330e Limousine,31.845 €,EZ 07/2020,97424 Schweinfurt,"Hybrid, ca. 0 g CO₂/km (komb.)* , A+++",47.859 km,ca. 135 kW (184PS),gefunden auf BMW
BMW 330e Limousine,28.989 €,EZ 06/2020,53757 St. Augustin,"Hybrid, ca. 0 g CO₂/km (komb.)* , A+++",41.948 km,ca. 135 kW (184PS),gefunden auf BMW
BMW 330e xDrive Limousine,36.490 €,EZ 04/2021,70569 Stuttgart,"Hybrid, ca. 0 g CO₂/km (komb.)* ",77.214 km,ca. 135 kW (184PS),gefunden auf BMW
BMW 330e xDrive Limousine,32.366 €,EZ 01/2021,63322 Rödermark-Oberroden,"Hybrid, ca. 0 g CO₂/km (komb.)* , A+++",78.816 km,ca. 135 kW (184PS),gefunden auf BMW
BMW 330e Limousine,33.950 €,EZ 03/2021,21033 Hamburg,"Hybrid, ca. 0 g CO₂/km (komb.)* ",38.619 km,ca. 135 kW (184PS),gefunden auf BMW
BMW 330e xDrive Limousine,27.250 €,EZ 02/2021,84453 Mühldorf a. Inn,"Hybrid, ca. 0 g CO₂/km (komb.)* , A+++",75.730 km,ca. 135 kW (184PS),gefunden auf BMW
BMW 330e Limousine,34.990 €,EZ 01/2021,34613 Schwalmstadt,"Hybrid, ca. 0 g CO₂/km (komb.)* , A+++",33.600 km,ca. 135 kW (184PS),gefunden auf BMW
BMW 330e Limousine,29.990 €,EZ 12/2021,76227 Karlsruhe,"Hybrid, ca. 0 g CO₂/km (komb.)* , A+++",32.404 km,ca. 135 kW (184PS),gefunden auf BMW
BMW 330e Limousine,34.990 €,EZ 02/2021,63303 Dreieich,"Hybrid, ca. 0 g CO₂/km (komb.)* ",40.952 km,ca. 135 kW (184PS),gefunden auf BMW
BMW 330e Limousine,31.980 €,EZ 07/2020,91058 Erlangen,"Hybrid, ca. 0 g CO₂/km (komb.)* , A+++",55.990 km,ca. 135 kW (184PS),gefunden auf BMW
BMW 330e Limousine,44.980 €,EZ 11/2022,46149 Oberhausen,"Hybrid, ca. 0 g CO₂/km (komb.)* ",29.817 km,ca. 135 kW (184PS),gefunden auf BMW
BMW 330e Limousine,33.899 €,EZ 02/2021,26135 Oldenburg,"Hybrid, ca. 0 g CO₂/km (komb.)* ",61.036 km,ca. 135 kW (184PS),gefunden auf BMW
BMW 330e Limousine,28.450 €,EZ 12/2020,14482 Potsdam,"Hybrid, ca. 0 g CO₂/km (komb.)* , A+++",50.201 km,ca. 135 kW (184PS),gefunden auf BMW
BMW 330e Limousine,31.900 €,EZ 08/2020,42549 Velbert,"Hybrid, ca. 0 g CO₂/km (komb.)* , A+++",45.000 km,ca. 135 kW (184PS),gefunden auf BMW
BMW 320e Limousine,29.496 €,EZ 02/2022,80939 München,"Hybrid, ca. 0 g CO₂/km (komb.)* , A+++",29.220 km,ca. 120 kW (163PS),gefunden auf BMW
BMW 330e Limousine,29.680 €,EZ 02/2021,74545 Michelfeld,"Hybrid, ca. 0 g CO₂/km (komb.)* ",66.288 km,ca. 135 kW (184PS),gefunden auf BMW
BMW 330e xDrive Limousine,36.390 €,EZ 10/2020,71332 Waiblingen,"Hybrid, ca. 0 g CO₂/km (komb.)* , A+++",62.500 km,ca. 135 kW (184PS),gefunden auf BMW
BMW 320e Limousine,36.790 €,EZ 04/2022,58119 Hagen,"Hybrid, ca. 0 g CO₂/km (komb.)* ",33.200 km,ca. 120 kW (163PS),gefunden auf BMW
BMW 330e Limousine,25.990 €,EZ 08/2020,44625 Herne,"Hybrid, ca. 0 g CO₂/km (komb.)* , A+++",69.900 km,ca. 135 kW (184PS),gefunden auf BMW
BMW 330e Limousine,36.990 €,EZ 10/2020,40549 Düsseldorf,"Hybrid, ca. 0 g CO₂/km (komb.)* , A+++",30.888 km,ca. 135 kW (184PS),gefunden auf BMW
BMW 330e Limousine,34.990 €,EZ 02/2021,41066 Mönchengladbach,"Hybrid, ca. 0 g CO₂/km (komb.)* , A+++",49.400 km,ca. 135 kW (184PS),gefunden auf BMW
BMW 330e Limousine,35.890 €,EZ 05/2021,63303 Dreieich,"Hybrid, ca. 0 g CO₂/km (komb.)* ",56.891 km,ca. 135 kW (184PS),gefunden auf BMW
BMW 330e Limousine,36.204 €,EZ 01/2021,22885 Barsbüttel,"Hybrid, ca. 0 g CO₂/km (komb.)* , A+++",44.430 km,ca. 135 kW (184PS),gefunden auf BMW
BMW 330e Limousine,35.930 €,EZ 06/2021,41564 Kaarst,"Hybrid, ca. 0 g CO₂/km (komb.)* ",52.449 km,ca. 135 kW (184PS),gefunden auf BMW
BMW 330e Limousine,31.840 €,EZ 11/2020,44809 Bochum,"Hybrid, ca. 0 g CO₂/km (komb.)* ",46.557 km,ca. 135 kW (184PS),gefunden auf BMW
BMW 330e Limousine,30.458 €,EZ 10/2020,63477 Maintal,"Hybrid, ca. 0 g CO₂/km (komb.)* , A+++",23.756 km,ca. 135 kW (184PS),gefunden auf BMW
BMW 330e Limousine,34.890 €,EZ 02/2021,06406 Bernburg,"Hybrid, ca. 0 g CO₂/km (komb.)* ",36.046 km,ca. 135 kW (184PS),gefunden auf BMW
BMW 330e Limousine,35.904 €,EZ 07/2020,22885 Barsbüttel,"Hybrid, ca. 0 g CO₂/km (komb.)* ",39.573 km,ca. 135 kW (184PS),gefunden auf BMW
BMW 330e Limousine,31.920 €,EZ 02/2021,71034 Böblingen,"Hybrid, ca. 0 g CO₂/km (komb.)* , A+++",45.610 km,ca. 135 kW (184PS),gefunden auf BMW
BMW 330e xDrive Limousine,35.990 €,EZ 03/2021,86830 Schwabmünchen,"Hybrid, ca. 0 g CO₂/km (komb.)* ",60.203 km,ca. 135 kW (184PS),gefunden auf BMW
BMW 330e Limousine,28.908 €,EZ 02/2020,63667 Nidda,"Hybrid, ca. 0 g CO₂/km (komb.)* , A+++",31.300 km,ca. 135 kW (184PS),gefunden auf BMW
BMW 330e Limousine,27.889 €,EZ 06/2020,57462 Olpe,"Hybrid, ca. 0 g CO₂/km (komb.)* , A+++",70.481 km,ca. 135 kW (184PS),gefunden auf BMW
BMW 330e Limousine,35.950 €,EZ 12/2020,56073 Koblenz,"Hybrid, ca. 0 g CO₂/km (komb.)* , A+++",57.361 km,ca. 135 kW (184PS),gefunden auf BMW
BMW 330e Limousine,33.950 €,EZ 11/2020,56073 Koblenz,"Hybrid, ca. 0 g CO₂/km (komb.)* , A+++",61.550 km,ca. 135 kW (184PS),gefunden auf BMW
BMW 330e Limousine,32.404 €,EZ 11/2020,22885 Barsbüttel,"Hybrid, ca. 0 g CO₂/km (komb.)* , A+++",46.322 km,ca. 135 kW (184PS),gefunden auf BMW
BMW 330e Limousine,28.704 €,EZ 01/2021,22885 Barsbüttel,"Hybrid, ca. 0 g CO₂/km (komb.)* , A+++",46.380 km,ca. 135 kW (184PS),gefunden auf BMW
BMW 330e xDrive Limousine,37.890 €,EZ 09/2021,72336 Balingen,"Hybrid, ca. 0 g CO₂/km (komb.)* , A+++",26.950 km,ca. 135 kW (184PS),gefunden auf BMW
BMW 330e xDrive Limousine,33.950 €,EZ 12/2020,56073 Koblenz,"Hybrid, ca. 0 g CO₂/km (komb.)* , A+++",17.504 km,ca. 135 kW (184PS),gefunden auf BMW
BMW 330e Limousine,35.789 €,EZ 03/2020,31137 Hildesheim,"Hybrid, ca. 0 g CO₂/km (komb.)* ",37.620 km,ca. 135 kW (184PS),gefunden auf BMW
BMW 330e Limousine,31.904 €,EZ 10/2020,22885 Barsbüttel,"Hybrid, ca. 0 g CO₂/km (komb.)* , A+++",28.497 km,ca. 135 kW (184PS),gefunden auf BMW
BMW 330e Limousine,31.890 €,EZ 12/2019,83707 Bad Wiessee,"Hybrid, ca. 0 g CO₂/km (komb.)* , A+++",54.891 km,ca. 135 kW (184PS),gefunden auf BMW
BMW 330e Limousine,37.998 €,EZ 03/2021,79761 Waldshut-Tiengen,"Hybrid, ca. 0 g CO₂/km (komb.)* ",34.912 km,ca. 135 kW (184PS),gefunden auf BMW
BMW 330e Limousine,30.980 €,EZ 11/2020,48683 Ahaus,"Hybrid, ca. 0 g CO₂/km (komb.)* ",83.313 km,ca. 135 kW (184PS),gefunden auf BMW
BMW 330e Limousine,43.789 €,EZ 07/2023,47441 Moers,"Hybrid, ca. 0 g CO₂/km (komb.)* ",18.600 km,ca. 135 kW (184PS),gefunden auf BMW
BMW 330e xDrive Limousine,43.690 €,EZ 03/2023,47533 Kleve,"Hybrid, ca. 0 g CO₂/km (komb.)* ",37.067 km,ca. 135 kW (184PS),gefunden auf BMW
BMW 330e Limousine,36.850 €,EZ 05/2021,29410 Salzwedel,"Hybrid, ca. 0 g CO₂/km (komb.)* ",85.333 km,ca. 135 kW (184PS),gefunden auf BMW
BMW 330 e xDrive Limousine M Sportpaket DAB LED Shz,936 € monatlich,EZ -/-,91522 Ansbach,"Hybrid, ca. 1,7 l/100 km (komb.)* , ca. 39 g CO₂/km (komb.)* , A+++",18.100 km,ca. 215 kW (292PS),gefunden auf Leasingmarkt
BMW 330e e xDrive Limousine M Sportpaket DAB LED Shz,936 € monatlich,EZ 05/2023,91522 Ansbach,"Hybrid, ca. 1,7 l/100 km (komb.)* NEFZ, ca. 0 g CO₂/km (komb.)* NEFZ, A+++",18.100 km,ca. 215 kW (292PS),gefunden auf LeasingTime
BMW 330e Limousine,29.890 €,EZ 03/2021,31137 Hildesheim,"Hybrid, ca. 0 g CO₂/km (komb.)* , A+++",62.741 km,ca. 135 kW (184PS),gefunden auf BMW
BMW 330e Limousine,34.379 €,EZ 06/2020,82256 Fürstenfeldbruck,"Hybrid, ca. 0 g CO₂/km (komb.)* ",49.000 km,ca. 135 kW (184PS),gefunden auf BMW
BMW 330e xDrive Limousine,36.885 €,EZ 02/2021,22926 Ahrensburg,"Hybrid, ca. 0 g CO₂/km (komb.)* ",56.932 km,ca. 135 kW (184PS),gefunden auf BMW
BMW 330e Limousine,28.890 €,EZ 01/2021,73037 Göppingen,"Hybrid, ca. 0 g CO₂/km (komb.)* , A+++",5.549 km,ca. 135 kW (184PS),gefunden auf BMW
BMW 330e Limousine,35.300 €,EZ 10/2020,72622 Nürtingen,"Hybrid, ca. 0 g CO₂/km (komb.)* , A+++",39.200 km,ca. 135 kW (184PS),gefunden auf BMW
BMW 330e Limousine,26.680 €,EZ 02/2021,42549 Velbert,"Hybrid, ca. 0 g CO₂/km (komb.)* , A+++",91.850 km,ca. 135 kW (184PS),gefunden auf BMW
BMW 330e Limousine,35.950 €,EZ 08/2021,53925 Kall,"Hybrid, ca. 0 g CO₂/km (komb.)* , A+++",31.852 km,ca. 135 kW (184PS),gefunden auf BMW
BMW 330 e xDrive Limousine | M Sportpaket | Innovationspaket | Comfort Paket | Glasdach | Sofort verfügbar !,939 € monatlich,EZ -/-,44809 Bochum,"Hybrid, ca. 1,7 l/100 km (komb.)* , ca. 38 g CO₂/km (komb.)* , B",9.900 km,ca. 135 kW (184PS),gefunden auf Leasingmarkt
BMW 330 e xDrive Automatik Navi Tempom.aktiv Glasdach Bluetooth PDC MP3 Schn.,939 € monatlich,EZ -/-,44809 Bochum,"Hybrid, ca. 1,7 l/100 km (komb.)* , ca. 38 g CO₂/km (komb.)* , B",9.886 km,ca. 215 kW (292PS),gefunden auf Leasingmarkt
BMW 330e e xDrive Limousine | M Sportpaket | Innovationspaket | Comfort Paket | Glasdach | Sofort verfügbar !,939 € monatlich,EZ 08/2023,44809 Bochum,"Hybrid, ca. 1,7 l/100 km (komb.)* WLTP, ca. 38 g CO₂/km (komb.)* WLTP",9.900 km,ca. 135 kW (184PS),gefunden auf LeasingTime
BMW 330e xDrive Limousine,36.880 €,EZ 03/2021,,"Hybrid, ca. 0 g CO₂/km (komb.)* ",42.624 km,ca. 135 kW (184PS),gefunden auf BMW
BMW 330e Limousine,46.890 €,EZ 03/2023,46149 Oberhausen,"Hybrid, ca. 0 g CO₂/km (komb.)* ",18.379 km,ca. 135 kW (184PS),gefunden auf BMW
BMW 330e Limousine,30.888 €,EZ 02/2021,65719 Hofheim,"Hybrid, ca. 0 g CO₂/km (komb.)* , A+++",60.626 km,ca. 135 kW (184PS),gefunden auf BMW
BMW 320e Limousine,56.329 €,EZ 08/2023,60435 Frankfurt am Main,"Hybrid, ca. 0 g CO₂/km (komb.)* , A+++",11.554 km,ca. 120 kW (163PS),gefunden auf BMW
BMW 330e Limousine,39.898 €,EZ 05/2023,47441 Moers,"Hybrid, ca. 0 g CO₂/km (komb.)* ",18.800 km,ca. 135 kW (184PS),gefunden auf BMW
BMW 330e Limousine,29.650 €,EZ 08/2020,36043 Fulda,"Hybrid, ca. 0 g CO₂/km (komb.)* , A+++",94.637 km,ca. 135 kW (184PS),gefunden auf BMW
BMW 330e Limousine,34.890 €,EZ 12/2020,03044 Cottbus,"Hybrid, ca. 0 g CO₂/km (komb.)* , A+++",26.356 km,ca. 135 kW (184PS),gefunden auf BMW
BMW 330e Limousine,43.389 €,EZ 12/2021,53474 Bad Neuenahr-Ahrweiler,"Hybrid, ca. 0 g CO₂/km (komb.)* , A+++",35.900 km,ca. 135 kW (184PS),gefunden auf BMW
BMW 330e Limousine,30.990 €,EZ 10/2020,72766 Reutlingen,"Hybrid, ca. 0 g CO₂/km (komb.)* , A+++",56.556 km,ca. 135 kW (184PS),gefunden auf BMW
BMW 3er 320e Automatik 4 Türen,688 € monatlich,EZ -/2024,,"Hybrid, ca. 1,4 l/100 km (komb.)* , ca. 32 g CO₂/km (komb.)* ",- km,ca. 150 kW (204PS),gefunden auf Carwow Leasing
BMW 3er 330e xDrive Automatik 4 Türen,803 € monatlich,EZ -/2024,,"Hybrid, ca. 1,6 l/100 km (komb.)* , ca. 36 g CO₂/km (komb.)* ",- km,ca. 215 kW (292PS),gefunden auf Carwow Leasing
BMW 3er 330e Automatik 4 Türen,818 € monatlich,EZ -/2024,,"Hybrid, ca. 1,4 l/100 km (komb.)* , ca. 32 g CO₂/km (komb.)* ",- km,ca. 215 kW (292PS),gefunden auf Carwow Leasing
BMW 3er 320e Automatik 4 Türen,698 € monatlich,EZ -/2024,,"Hybrid, ca. 1,4 l/100 km (komb.)* , ca. 32 g CO₂/km (komb.)* ",- km,ca. 150 kW (204PS),gefunden auf Carwow Leasing
BMW 3er 330e Automatik 4 Türen,771 € monatlich,EZ -/2024,,"Hybrid, ca. 1,4 l/100 km (komb.)* , ca. 32 g CO₂/km (komb.)* ",- km,ca. 215 kW (292PS),gefunden auf Carwow Leasing
BMW 3er 330e Automatik 4 Türen,865 € monatlich,EZ -/2024,,"Hybrid, ca. 1,4 l/100 km (komb.)* , ca. 32 g CO₂/km (komb.)* ",- km,ca. 215 kW (292PS),gefunden auf Carwow Leasing
BMW 3er 330e Automatik 4 Türen,830 € monatlich,EZ -/2024,,"Hybrid, ca. 1,4 l/100 km (komb.)* , ca. 32 g CO₂/km (komb.)* ",- km,ca. 215 kW (292PS),gefunden auf Carwow Leasing
BMW 3er 330e xDrive Automatik 4 Türen,862 € monatlich,EZ -/2024,,"Hybrid, ca. 1,6 l/100 km (komb.)* , ca. 36 g CO₂/km (komb.)* ",- km,ca. 215 kW (292PS),gefunden auf Carwow Leasing
BMW 3er 320e Automatik 4 Türen,728 € monatlich,EZ -/2024,,"Hybrid, ca. 1,4 l/100 km (komb.)* , ca. 32 g CO₂/km (komb.)* ",- km,ca. 150 kW (204PS),gefunden auf Carwow Leasing
BMW 3er 330e xDrive Automatik 4 Türen,899 € monatlich,EZ -/2024,,"Hybrid, ca. 1,6 l/100 km (komb.)* , ca. 36 g CO₂/km (komb.)* ",- km,ca. 215 kW (292PS),gefunden auf Carwow Leasing
BMW 3er 330e xDrive Automatik 4 Türen,850 € monatlich,EZ -/2024,,"Hybrid, ca. 1,6 l/100 km (komb.)* , ca. 36 g CO₂/km (komb.)* ",- km,ca. 215 kW (292PS),gefunden auf Carwow Leasing
BMW 3er 330e Automatik 4 Türen,782 € monatlich,EZ -/2024,,"Hybrid, ca. 1,4 l/100 km (komb.)* , ca. 32 g CO₂/km (komb.)* ",- km,ca. 215 kW (292PS),gefunden auf Carwow Leasing
BMW 3er 320e Automatik 4 Türen,777 € monatlich,EZ -/2024,,"Hybrid, ca. 1,4 l/100 km (komb.)* , ca. 32 g CO₂/km (komb.)* ",- km,ca. 150 kW (204PS),gefunden auf Carwow Leasing
BMW 3er 330e xDrive Automatik 4 Türen,849 € monatlich,EZ -/2024,,"Hybrid, ca. 1,6 l/100 km (komb.)* , ca. 36 g CO₂/km (komb.)* ",- km,ca. 215 kW (292PS),gefunden auf Carwow Leasing
BMW 3er 320e Automatik 4 Türen,746 € monatlich,EZ -/2024,,"Hybrid, ca. 1,4 l/100 km (komb.)* , ca. 32 g CO₂/km (komb.)* ",- km,ca. 150 kW (204PS),gefunden auf Carwow Leasing
BMW 3er 320e Automatik 4 Türen,735 € monatlich,EZ -/2024,,"Hybrid, ca. 1,4 l/100 km (komb.)* , ca. 32 g CO₂/km (komb.)* ",- km,ca. 150 kW (204PS),gefunden auf Carwow Leasing
BMW 3er 330e Automatik 4 Türen,815 € monatlich,EZ -/2024,,"Hybrid, ca. 1,4 l/100 km (komb.)* , ca. 32 g CO₂/km (komb.)* ",- km,ca. 215 kW (292PS),gefunden auf Carwow Leasing
BMW 3er 330e xDrive Automatik 4 Türen,814 € monatlich,EZ -/2024,,"Hybrid, ca. 1,6 l/100 km (komb.)* , ca. 36 g CO₂/km (komb.)* ",- km,ca. 215 kW (292PS),gefunden auf Carwow Leasing
BMW 330e Limousine,31.993 €,EZ 12/2020,,"Hybrid, ca. 0 g CO₂/km (komb.)* , A+++",50.900 km,ca. 135 kW (184PS),gefunden auf BMW
BMW 330e Limousine,35.850 €,EZ 12/2020,67071 Ludwigshafen,"Hybrid, ca. 0 g CO₂/km (komb.)* , A+++",36.752 km,ca. 135 kW (184PS),gefunden auf BMW
BMW 330e Limousine,32.900 €,EZ 10/2020,58455 Witten,"Hybrid, ca. 0 g CO₂/km (komb.)* , A+++",14.436 km,ca. 135 kW (184PS),gefunden auf BMW
BMW 330e Limousine,31.500 €,EZ 12/2020,67071 Ludwigshafen,"Hybrid, ca. 0 g CO₂/km (komb.)* , A+++",62.410 km,ca. 135 kW (184PS),gefunden auf BMW
BMW 330e xDrive Limousine,61.209 €,EZ 07/2023,33104 Paderborn,"Hybrid, ca. 0 g CO₂/km (komb.)* , A+++",18.900 km,ca. 135 kW (184PS),gefunden auf BMW
BMW 320e Limousine,35.980 €,EZ 09/2022,40721 Hilden,"Hybrid, ca. 0 g CO₂/km (komb.)* ",30.975 km,ca. 120 kW (163PS),gefunden auf BMW
BMW 330e xDrive Limousine,50.660 €,EZ 03/2023,21073 Hamburg,"Hybrid, ca. 0 g CO₂/km (komb.)* , A+++",11.900 km,ca. 135 kW (184PS),gefunden auf BMW
BMW 330e Limousine,33.839 €,EZ 01/2020,66606 St. Wendel,"Hybrid, ca. 0 g CO₂/km (komb.)* ",34.374 km,ca. 135 kW (184PS),gefunden auf BMW
BMW 330e Limousine,31.990 €,EZ 02/2020,38304 Wolfenbüttel,"Hybrid, ca. 0 g CO₂/km (komb.)* , A+++",58.076 km,ca. 135 kW (184PS),gefunden auf BMW
BMW 330e Limousine,31.489 €,EZ 03/2020,21244 Buchholz,"Hybrid, ca. 0 g CO₂/km (komb.)* , A+++",74.116 km,ca. 135 kW (184PS),gefunden auf BMW
BMW 330e xDrive Limousine,45.950 €,EZ 06/2022,12203 Berlin,"Hybrid, ca. 0 g CO₂/km (komb.)* ",36.296 km,ca. 135 kW (184PS),gefunden auf BMW
BMW 330e Limousine,37.990 €,EZ 07/2020,49080 Osnabrück,"Hybrid, ca. 0 g CO₂/km (komb.)* ",60.942 km,ca. 135 kW (184PS),gefunden auf BMW
BMW 330e Limousine,36.770 €,EZ 03/2021,94315 Straubing,"Hybrid, ca. 0 g CO₂/km (komb.)* , A+++",46.386 km,ca. 135 kW (184PS),gefunden auf BMW
BMW 3er 320e Automatik 4 Türen,923 € monatlich,EZ -/2024,,"Hybrid, ca. 1,4 l/100 km (komb.)* , ca. 32 g CO₂/km (komb.)* ",- km,ca. 150 kW (204PS),gefunden auf Carwow Leasing
BMW 3er 330e Automatik 4 Türen,1.021 € monatlich,EZ -/2024,,"Hybrid, ca. 1,4 l/100 km (komb.)* , ca. 32 g CO₂/km (komb.)* ",- km,ca. 215 kW (292PS),gefunden auf Carwow Leasing
BMW 3er 330e Automatik 4 Türen,1.097 € monatlich,EZ -/2024,,"Hybrid, ca. 1,4 l/100 km (komb.)* , ca. 32 g CO₂/km (komb.)* ",- km,ca. 215 kW (292PS),gefunden auf Carwow Leasing
BMW 3er 330e Automatik 4 Türen,1.010 € monatlich,EZ -/2024,,"Hybrid, ca. 1,4 l/100 km (komb.)* , ca. 32 g CO₂/km (komb.)* ",- km,ca. 215 kW (292PS),gefunden auf Carwow Leasing
BMW 3er 320e Automatik 4 Türen,787 € monatlich,EZ -/2024,,"Hybrid, ca. 1,4 l/100 km (komb.)* , ca. 32 g CO₂/km (komb.)* ",- km,ca. 150 kW (204PS),gefunden auf Carwow Leasing
BMW 3er 330e Automatik 4 Türen,962 € monatlich,EZ -/2024,,"Hybrid, ca. 1,4 l/100 km (komb.)* , ca. 32 g CO₂/km (komb.)* ",- km,ca. 215 kW (292PS),gefunden auf Carwow Leasing
BMW 3er 330e xDrive Automatik 4 Türen,886 € monatlich,EZ -/2024,,"Hybrid, ca. 1,4 l/100 km (komb.)* , ca. 32 g CO₂/km (komb.)* ",- km,ca. 215 kW (292PS),gefunden auf Carwow Leasing
BMW 3er 330e Automatik 4 Türen,1.072 € monatlich,EZ -/2024,,"Hybrid, ca. 1,4 l/100 km (komb.)* , ca. 32 g CO₂/km (komb.)* ",- km,ca. 215 kW (292PS),gefunden auf Carwow Leasing
BMW 3er 330e xDrive Automatik 4 Türen,1.052 € monatlich,EZ -/2024,,"Hybrid, ca. 1,6 l/100 km (komb.)* , ca. 36 g CO₂/km (komb.)* ",- km,ca. 215 kW (292PS),gefunden auf Carwow Leasing
BMW 3er 330e xDrive Automatik 4 Türen,837 € monatlich,EZ -/2024,,"Hybrid, ca. 1,6 l/100 km (komb.)* , ca. 36 g CO₂/km (komb.)* ",- km,ca. 215 kW (292PS),gefunden auf Carwow Leasing
BMW 3er 330e xDrive Automatik 4 Türen,1.114 € monatlich,EZ -/2024,,"Hybrid, ca. 1,6 l/100 km (komb.)* , ca. 36 g CO₂/km (komb.)* ",- km,ca. 215 kW (292PS),gefunden auf Carwow Leasing
BMW 3er 330e Automatik 4 Türen,835 € monatlich,EZ -/2024,,"Hybrid, ca. 1,4 l/100 km (komb.)* , ca. 32 g CO₂/km (komb.)* ",- km,ca. 215 kW (292PS),gefunden auf Carwow Leasing
BMW 3er 320e Automatik 4 Türen,766 € monatlich,EZ -/2024,,"Hybrid, ca. 1,4 l/100 km (komb.)* , ca. 32 g CO₂/km (komb.)* ",- km,ca. 150 kW (204PS),gefunden auf Carwow Leasing
BMW 3er 330e Automatik 4 Türen,936 € monatlich,EZ -/2024,,"Hybrid, ca. 1,4 l/100 km (komb.)* , ca. 32 g CO₂/km (komb.)* ",- km,ca. 215 kW (292PS),gefunden auf Carwow Leasing
BMW 3er 320e Automatik 4 Türen,717 € monatlich,EZ -/2024,,"Hybrid, ca. 1,4 l/100 km (komb.)* , ca. 32 g CO₂/km (komb.)* ",- km,ca. 150 kW (204PS),gefunden auf Carwow Leasing
BMW 3er 330e Automatik 4 Türen,1.034 € monatlich,EZ -/2024,,"Hybrid, ca. 1,4 l/100 km (komb.)* , ca. 32 g CO₂/km (komb.)* ",- km,ca. 215 kW (292PS),gefunden auf Carwow Leasing
BMW 3er 330e xDrive Automatik 4 Türen,1.061 € monatlich,EZ -/2024,,"Hybrid, ca. 1,6 l/100 km (komb.)* , ca. 36 g CO₂/km (komb.)* ",- km,ca. 215 kW (292PS),gefunden auf Carwow Leasing
BMW 3er 320e Automatik 4 Türen,796 € monatlich,EZ -/2024,,"Hybrid, ca. 1,4 l/100 km (komb.)* , ca. 32 g CO₂/km (komb.)* ",- km,ca. 150 kW (204PS),gefunden auf Carwow Leasing
BMW 3er 320e Automatik 4 Türen,918 € monatlich,EZ -/2024,,"Hybrid, ca. 1,4 l/100 km (komb.)* , ca. 32 g CO₂/km (komb.)* ",- km,ca. 150 kW (204PS),gefunden auf Carwow Leasing
BMW 3er 330e xDrive Automatik 4 Türen,972 € monatlich,EZ -/2024,,"Hybrid, ca. 1,6 l/100 km (komb.)* , ca. 36 g CO₂/km (komb.)* ",- km,ca. 215 kW (292PS),gefunden auf Carwow Leasing
BMW 3er 330e Automatik 4 Türen,804 € monatlich,EZ -/2024,,"Hybrid, ca. 1,4 l/100 km (komb.)* , ca. 32 g CO₂/km (komb.)* ",- km,ca. 215 kW (292PS),gefunden auf Carwow Leasing
BMW 3er 320e Automatik 4 Türen,902 € monatlich,EZ -/2024,,"Hybrid, ca. 1,4 l/100 km (komb.)* , ca. 32 g CO₂/km (komb.)* ",- km,ca. 150 kW (204PS),gefunden auf Carwow Leasing
BMW 3er 320e Automatik 4 Türen,963 € monatlich,EZ -/2024,,"Hybrid, ca. 1,4 l/100 km (komb.)* , ca. 32 g CO₂/km (komb.)* ",- km,ca. 150 kW (204PS),gefunden auf Carwow Leasing
BMW 3er 320e Automatik 4 Türen,745 € monatlich,EZ -/2024,,"Hybrid, ca. 1,4 l/100 km (komb.)* , ca. 32 g CO₂/km (komb.)* ",- km,ca. 150 kW (204PS),gefunden auf Carwow Leasing
BMW 3er 330e xDrive Automatik 4 Türen,921 € monatlich,EZ -/2024,,"Hybrid, ca. 1,6 l/100 km (komb.)* , ca. 36 g CO₂/km (komb.)* ",- km,ca. 215 kW (292PS),gefunden auf Carwow Leasing
BMW 3er 320e Automatik 4 Türen,841 € monatlich,EZ -/2024,,"Hybrid, ca. 1,4 l/100 km (komb.)* , ca. 32 g CO₂/km (komb.)* ",- km,ca. 150 kW (204PS),gefunden auf Carwow Leasing
BMW 3er 330e Automatik 4 Türen,882 € monatlich,EZ -/2024,,"Hybrid, ca. 1,4 l/100 km (komb.)* , ca. 32 g CO₂/km (komb.)* ",- km,ca. 215 kW (292PS),gefunden auf Carwow Leasing
BMW 3er 330e xDrive Automatik 4 Türen,1.140 € monatlich,EZ -/2024,,"Hybrid, ca. 1,6 l/100 km (komb.)* , ca. 36 g CO₂/km (komb.)* ",- km,ca. 215 kW (292PS),gefunden auf Carwow Leasing
BMW 3er 330e xDrive Automatik 4 Türen,1.077 € monatlich,EZ -/2024,,"Hybrid, ca. 1,6 l/100 km (komb.)* , ca. 36 g CO₂/km (komb.)* ",- km,ca. 215 kW (292PS),gefunden auf Carwow Leasing
BMW 3er 330e Automatik 4 Türen,853 € monatlich,EZ -/2024,,"Hybrid, ca. 1,4 l/100 km (komb.)* , ca. 32 g CO₂/km (komb.)* ",- km,ca. 215 kW (292PS),gefunden auf Carwow Leasing
BMW 3er 320e Automatik 4 Türen,986 € monatlich,EZ -/2024,,"Hybrid, ca. 1,4 l/100 km (komb.)* , ca. 32 g CO₂/km (komb.)* ",- km,ca. 150 kW (204PS),gefunden auf Carwow Leasing
BMW 3er 330e xDrive Automatik 4 Türen,869 € monatlich,EZ -/2024,,"Hybrid, ca. 1,6 l/100 km (komb.)* , ca. 36 g CO₂/km (komb.)* ",- km,ca. 215 kW (292PS),gefunden auf Carwow Leasing
BMW 3er 330e xDrive Automatik 4 Türen,1.002 € monatlich,EZ -/2024,,"Hybrid, ca. 1,6 l/100 km (komb.)* , ca. 36 g CO₂/km (komb.)* ",- km,ca. 215 kW (292PS),gefunden auf Carwow Leasing
BMW 3er 320e Automatik 4 Türen,859 € monatlich,EZ -/2024,,"Hybrid, ca. 1,4 l/100 km (komb.)* , ca. 32 g CO₂/km (komb.)* ",- km,ca. 150 kW (204PS),gefunden auf Carwow Leasing
BMW 3er 330e xDrive Automatik 4 Türen,918 € monatlich,EZ -/2024,,"Hybrid, ca. 1,6 l/100 km (komb.)* , ca. 36 g CO₂/km (komb.)* ",- km,ca. 215 kW (292PS),gefunden auf Carwow Leasing
BMW 330e Limousine,30.780 €,EZ 11/2020,45549 Sprockhövel,"Hybrid, ca. 0 g CO₂/km (komb.)* , A+++",87.346 km,ca. 135 kW (184PS),gefunden auf BMW
BMW 330e Limousine,33.930 €,EZ 11/2020,16515 Oranienburg,"Hybrid, ca. 0 g CO₂/km (komb.)* ",68.800 km,ca. 135 kW (184PS),gefunden auf BMW
BMW 330e Limousine,35.750 €,EZ 02/2021,32547 Bad Oeynhausen,"Hybrid, ca. 0 g CO₂/km (komb.)* , A+++",41.601 km,ca. 135 kW (184PS),gefunden auf BMW
BMW 330e Limousine,32.885 €,EZ 11/2020,22926 Ahrensburg,"Hybrid, ca. 0 g CO₂/km (komb.)* , A+++",21.134 km,ca. 135 kW (184PS),gefunden auf BMW
BMW 330e xDrive Limousine,27.859 €,EZ 11/2020,,"Hybrid, ca. 0 g CO₂/km (komb.)* , A+++",79.213 km,ca. 135 kW (184PS),gefunden auf BMW
BMW 330e Limousine,33.800 €,EZ 02/2021,92421 Schwandorf,"Hybrid, ca. 0 g CO₂/km (komb.)* , A+++",63.712 km,ca. 135 kW (184PS),gefunden auf BMW
BMW 330e Limousine,30.660 €,EZ 10/2020,72160 Horb/Neckar,"Hybrid, ca. 0 g CO₂/km (komb.)* , A+++",72.678 km,ca. 135 kW (184PS),gefunden auf BMW
BMW 330e Limousine,35.830 €,EZ 02/2021,,"Hybrid, ca. 0 g CO₂/km (komb.)* , A+++",34.086 km,ca. 135 kW (184PS),gefunden auf BMW
BMW 330e xDrive Limousine,46.680 €,EZ 11/2022,46149 Oberhausen,"Hybrid, ca. 0 g CO₂/km (komb.)* ",19.229 km,ca. 135 kW (184PS),gefunden auf BMW
BMW 330e xDrive Limousine,36.490 €,EZ 01/2021,40549 Düsseldorf,"Hybrid, ca. 0 g CO₂/km (komb.)* , A+++",55.493 km,ca. 135 kW (184PS),gefunden auf BMW
BMW 330e Limousine,29.840 €,EZ 01/2020,45770 Marl,"Hybrid, ca. 0 g CO₂/km (komb.)* , A+++",70.862 km,ca. 135 kW (184PS),gefunden auf BMW
BMW 330e Limousine,31.550 €,EZ 07/2020,74722 Buchen-Hettingen,"Hybrid, ca. 0 g CO₂/km (komb.)* , A+++",47.174 km,ca. 135 kW (184PS),gefunden auf BMW
BMW 330e Limousine,38.449 €,EZ 03/2021,79761 Waldshut-Tiengen,"Hybrid, ca. 0 g CO₂/km (komb.)* , A+++",30.576 km,ca. 135 kW (184PS),gefunden auf BMW
BMW 330e Limousine,27.000 €,EZ 10/2019,21339 Lüneburg,"Hybrid, ca. 0 g CO₂/km (komb.)* , A+++",56.215 km,ca. 135 kW (184PS),gefunden auf BMW
BMW 330e xDrive Limousine,29.950 €,EZ 05/2021,92637 Weiden,"Hybrid, ca. 0 g CO₂/km (komb.)* , A+++",44.495 km,ca. 135 kW (184PS),gefunden auf BMW
BMW 330e Limousine,34.885 €,EZ 10/2020,85435 Erding,"Hybrid, ca. 0 g CO₂/km (komb.)* , A+++",23.018 km,ca. 135 kW (184PS),gefunden auf BMW
BMW 330e Limousine,52.879 €,EZ 08/2022,74076 Heilbronn,"Hybrid, ca. 0 g CO₂/km (komb.)* ",17.300 km,ca. 135 kW (184PS),gefunden auf BMW
